mp_id,clean_formula,band_gap_dft,density,crystal_system,band_gap_exp,delta_eg
mp-1186,ZrS2,1.0418,3.6186651847757876,Trigonal,2.75,1.7082
mp-556434,AgBi(PS3)2,1.1837999999999997,4.147865934404807,Triclinic,1.7,0.5162000000000002
mp-569126,AgBi(PSe3)2,1.3072,4.996191655856113,Trigonal,1.4,0.0928
mp-2858,ZrO2,3.5322,5.777331392483834,Monoclinic,4.99,1.4578000000000002
mp-1228491,Al2S3,3.0435746359539815,2.289530185895207,Monoclinic,4.1,1.0564253640460182
mp-11674,Al2Se3,1.8040000000000003,3.8245867538452583,Monoclinic,3.1,1.2959999999999998
mp-1197947,La2HfS5,1.1093801740831637,5.853389358954656,Orthorhombic,0.7,-0.40938017408316374
mp-683902,Rb3Nb2AsSe11,1.1708,4.239804290349898,Monoclinic,1.5,0.32919999999999994
mp-1104938,Rb3Na(MoO4)2,4.5822,3.62610322809313,Trigonal,4.84,0.2577999999999996
mp-9631,AlAgO2,1.4164000000000003,6.306938406220664,Hexagonal,3.6,2.1835999999999998
mp-5782,AlAgS2,1.8992,3.9002065302115434,Tetragonal,3.13,1.2308
mp-14091,AlAgSe2,1.1351999999999998,4.941582483786729,Tetragonal,2.55,1.4148
mp-14092,AlAgTe2,1.0469000000000004,5.2859771468178245,Tetragonal,1.8,0.7530999999999997
mp-2172,AlAs,1.5007000000000001,3.7018177310136027,Cubic,0.0,-1.5007000000000001
mp-4763,ZnSiP2,1.3641000000000005,3.4185655792320757,Tetragonal,2.07,0.7058999999999993
mp-4979,AlCuS2,1.7035,3.5077372830410285,Tetragonal,3.5,1.7965
mp-8017,AlCuTe2,1.0469999999999997,5.249753016095111,Tetragonal,2.06,1.0130000000000003
mp-2903153,La2Mn(SeO)2,1.2042000000000002,5.939284965222913,Orthorhombic,1.6,0.39579999999999993
mp-1968,La2O3,3.8281,6.615226595150559,Trigonal,5.4,1.5719000000000003
mp-1194576,Rb3Sb2Br9,2.3800000000000003,3.9480290816114785,Monoclinic,2.48,0.09999999999999964
mp-1209693,Rb3Sb2I9,1.9451,4.074595553508211,Monoclinic,1.94,-0.0051000000000001044
mp-1195227,NaY(Te2O5)2,3.071088285050643,4.585829389635484,Tetragonal,3.9,0.8289117149493568
mp-1189914,ZnSi(AgS2)2,1.6859000000000006,4.364531125681685,Monoclinic,3.28,1.5940999999999992
mp-1209358,Rb3Ta2AsS11,1.8938,3.654783182751849,Monoclinic,2.21,0.31620000000000004
mp-3677,MgSiN2,3.9662000000000006,3.1469685511783623,Orthorhombic,4.05,0.08379999999999921
mp-13033,MgTe,2.3186,3.7357481431534936,Cubic,3.6,1.2814
mp-1220029,PH6NO4,5.3544,1.74131701635013,Orthorhombic,6.8,1.4455999999999998
mp-7475,La2S3,1.0358,4.927142524222895,Orthorhombic,2.77,1.7342
mp-1582,As2O3,3.9605,4.117486470121782,Monoclinic,4.0,0.03949999999999987
mp-23317,AsBr3,3.136,3.7269354062037277,Orthorhombic,2.6,-0.536
mp-1214793,AsOsS,1.1797837602870054,10.016300181717284,Monoclinic,1.3,0.12021623971299467
mp-1196917,B2Mo(PbO2)6,2.4454692184117044,7.441138611831403,Orthorhombic,2.9,0.4545307815882955
mp-542810,AsS,1.9611000000000003,3.260272142216178,Monoclinic,2.4,0.4388999999999996
mp-558521,B2Se2O7,3.9417999999999997,3.5788197605861347,Orthorhombic,4.64,0.6981999999999999
mp-1200969,B3Pb3NO10,3.4029,5.969686717627841,Orthorhombic,3.64,0.2371000000000003
mp-1238815,B4C,3.2421999999999995,2.541908948957029,Monoclinic,1.64,-1.6021999999999996
mp-510607,SrCrO4,2.8575999999999997,3.9265455693405342,Monoclinic,2.45,-0.4075999999999995
mp-624,B6As,2.6463,3.5899691180422915,Trigonal,1.51,-1.1363
mp-28395,B6P,2.4817,2.6073925550156387,Trigonal,3.3,0.8182999999999998
mp-1105235,BH(PbO2)2,3.0854,6.186756885214777,Monoclinic,3.76,0.6745999999999999
mp-1479,BP,1.2435999999999998,2.981368786747575,Cubic,4.2,2.9564000000000004
mp-1228703,BSbPbS4,2.1522,4.409238880361941,Monoclinic,1.8,-0.35220000000000007
mp-1198687,La2ZrS5,1.10825503693869,4.963733416965493,Orthorhombic,2.01,0.9017449630613097
mp-849286,Ba(GaS2)2,2.9073,3.8730105517373885,Cubic,4.13,1.2226999999999997
mp-7841,Ba(GaSe2)2,1.8607,4.745645854751821,Orthorhombic,3.16,1.2993000000000001
mp-510011,La3CuGeSe7,1.1936,5.866857835187234,Hexagonal,2.0,0.8064
mp-21943,Ba(InS2)2,2.743,4.096007209038664,Orthorhombic,3.06,0.31700000000000017
mp-21766,Ba(InSe2)2,1.687,4.901912843440495,Orthorhombic,2.63,0.9429999999999998
mp-556070,Na5Gd(MoO4)4,3.3896,4.112311997907252,Tetragonal,3.38,-0.009600000000000275
mp-770618,MgMnO3,1.9300000000000002,4.38998928886301,Trigonal,0.0,-1.9300000000000002
mp-1020643,Rb3Zn(BO2)5,4.1752,3.065201914572702,Monoclinic,2.66,-1.5152
mp-23127,Ba2BiSbO6,1.6958000000000002,7.168280686963211,Monoclinic,0.0,-1.6958000000000002
mp-1190588,Ba2Cd(BO2)6,4.3316,3.977258363897014,Trigonal,4.59,0.25839999999999996
mp-7280,PPdS,1.0122,5.015562783925623,Orthorhombic,1.38,0.3677999999999999
mp-28885,PSe,2.2420999999999998,3.1692659051955547,Monoclinic,2.5,0.25790000000000024
mp-1195251,Rb4Ge(PSe3)4,1.3706,3.613789185189298,Orthorhombic,2.0,0.6294
mp-1020896,Rb4Ge3B6O17,3.8554,3.478982398101277,Monoclinic,5.42,1.5646
mp-1195309,Ba2GaAsSe5,1.8702999999999999,4.920215185519793,Orthorhombic,1.39,-0.48029999999999995
mp-1201906,Ba2GaBiS5,2.391,4.681831127322983,Orthorhombic,2.38,-0.01100000000000012
mp-1203584,Ba2GaBiSe5,1.7507207527433715,5.585604251323029,Orthorhombic,2.21,0.4592792472566285
mp-1199702,Ba2GaS4,2.5322,4.016998941783152,Monoclinic,2.55,0.017799999999999816
mp-1203387,Ba2GaSbSe5,1.8066999999999998,5.090691310238383,Orthorhombic,2.51,0.7033
mp-1196663,La4InSbS9,2.2196,4.693793151892433,Tetragonal,2.07,-0.14959999999999996
mp-22841,Ba2In2S5,1.9866000000000001,4.32390258634603,Orthorhombic,2.47,0.48340000000000005
mp-864638,Ba2InBiS5,1.4528999999999996,4.952784000796765,Orthorhombic,1.55,0.09710000000000041
mp-27161,ZnI2,2.9076000000000004,4.37827102350162,Tetragonal,4.53,1.6223999999999998
mp-1199088,Rb4Mo5(PO11)2,3.3712019357048204,3.6281350511719497,Orthorhombic,3.51,0.13879806429517938
mp-1195582,La8Sb2S15,2.0120000000000005,4.754928973218339,Tetragonal,2.3,0.28799999999999937
mp-1205823,Ba2ScTaO6,3.0173000000000005,6.892776037425662,Cubic,4.19,1.1726999999999999
mp-1205334,MgCu2SiS4,1.6776999999999997,3.3713347890368497,Orthorhombic,3.2,1.5223000000000004
mp-1189376,Ba2SmGaSe5,1.7080000000000002,5.303750488039248,Triclinic,2.27,0.5619999999999998
mp-1214622,Ba2SmTaO6,3.3635149345965862,7.210988170006595,Cubic,3.02,-0.3435149345965862
mp-1192595,Ba2SnSe4,1.7547000000000001,5.0443814952707084,Monoclinic,1.9,0.14529999999999976
mp-1079630,Ba2TaInO6,3.9458999999999995,7.468428673623505,Cubic,4.17,0.2241000000000004
mp-31307,Ba2SnSe5,1.0872000000000002,5.132330101670373,Orthorhombic,1.8,0.7127999999999999
mp-1223262,La6Sb4(SO4)3,1.9578999999999995,5.7901639535123035,Tetragonal,2.6,0.6421000000000006
mp-542067,Rb4Ti3S14,1.2236000000000002,2.862230243414579,Monoclinic,1.59,0.36639999999999984
mp-556407,Ba3Bi2TeO9,2.0740000000000003,7.14956004424156,Trigonal,2.3,0.22599999999999953
mp-560798,Ba3Dy2(PS4)4,2.3736000000000006,3.5275331485665777,Orthorhombic,3.28,0.9063999999999992
mp-560026,Mg5B3O9F,5.118399999999999,3.0122144650608855,Orthorhombic,5.63,0.5116000000000005
mp-684036,Ba3Gd2(PS4)4,1.4528000000000003,3.4948914805208093,Orthorhombic,3.41,1.9571999999999998
mp-560534,Ba3Er2(PS4)4,2.3777000000000004,3.5770750842146897,Orthorhombic,3.3,0.9222999999999995
mp-1200796,Ba3In2(PO4)4,3.7254,4.530775535651499,Monoclinic,3.87,0.14460000000000006
mp-1192446,Pb2SeN2O9,3.245,5.351782843067853,Orthorhombic,3.76,0.5149999999999997
mp-22633,Pb3O4,1.1360000000000006,8.662164599623404,Tetragonal,2.12,0.9839999999999995
mp-1200759,Ba3GeS5,2.0633016194329183,4.201872301389306,Orthorhombic,3.0,0.9366983805670817
mp-559171,Ba3Ho2(PS4)4,2.3798999999999997,3.5513011395214007,Orthorhombic,3.3,0.9201000000000001
mp-6325,Ba3MgTa2O9,3.2733,7.370083540737021,Trigonal,4.28,1.0067000000000004
mp-1195624,Ba3Sb2S7,1.9628999999999999,4.009674201878526,Monoclinic,2.4,0.43710000000000004
mp-2514,Mg3P2,1.6067999999999998,2.068073441497974,Cubic,1.4,-0.20679999999999987
mp-1196139,Mg3Sb2,1.3223442946623587,3.569834472358788,Cubic,0.8,-0.5223442946623587
mp-1195068,Ba3Ta2Se9,1.2458,5.9337947274749725,Monoclinic,1.6,0.35420000000000007
mp-1214475,Ba3Ta2ZnO9,3.3501410515625754,7.661767602376175,Trigonal,4.32,0.9698589484374249
mp-554264,Ba3Tb2(PS4)4,2.3711,3.4966279492068644,Orthorhombic,3.37,0.9988999999999999
mp-1206514,Mg3AsN,2.0841,3.611166357323842,Cubic,1.33,-0.7540999999999998
mp-1559,Mg3N2,1.5099999999999998,2.73722024769082,Cubic,2.8,1.29
mp-17360,Ni2Te3O8,3.0199000000000007,5.745923742512507,Monoclinic,3.84,0.8200999999999992
mp-6088,LaCuSO,1.668499999999999,6.124617215266214,Tetragonal,3.1,1.431500000000001
mp-1196224,Ba6Sn6Se13,1.1071000000000004,5.206075351896525,Orthorhombic,1.52,0.4128999999999996
mp-1195594,Ba8Sn4S15,2.0442,4.197042020571443,Orthorhombic,2.31,0.26580000000000004
mp-1190401,BaAgSbS3,1.4228999999999998,4.632952653347273,Monoclinic,2.2,0.7771000000000003
mp-1019529,Ba8Al10B12O41,4.4373,3.7184683289781706,Triclinic,3.1,-1.3372999999999995
mp-1192564,Mg2GeSe4,1.9226999999999999,4.32004641087479,Orthorhombic,2.02,0.09730000000000016
mp-866301,BaBSbS4,2.3440999999999996,3.6098170260375704,Orthorhombic,2.34,-0.0040999999999997705
mp-22342,PbSeO4,3.1922999999999995,6.415916476899281,Monoclinic,4.3,1.1077000000000004
mp-1192126,Zn2TeMoO7,3.4519,4.742398334946295,Monoclinic,4.1,0.6480999999999995
mp-1019542,BaCaB2O5,4.4673,3.617093123943857,Monoclinic,5.6,1.1326999999999998
mp-4816,LaGaS3,2.2220000000000004,4.340496073127684,Monoclinic,2.5,0.2779999999999996
mp-1191333,Zn2MoSeO7,3.709,4.32910664859534,Monoclinic,4.2,0.4910000000000001
mp-1227983,BaGa2GeS6,2.766399008804845,3.723094559484788,Triclinic,3.23,0.46360099119515485
mp-1227993,BaGa2SiS6,3.0909282178258586,3.5465344945582595,Triclinic,3.75,0.6590717821741414
mp-4309,BaGa4S7,2.5869999999999997,3.824823529978818,Orthorhombic,3.54,0.9530000000000003
mp-559703,BaLa2Te5O14,3.2332,5.601331856841529,Monoclinic,3.81,0.5768
mp-15776,Zn(GaSe2)2,1.4000999999999997,5.104347985161469,Tetragonal,1.72,0.3199000000000003
mp-1205018,BaIn2(P2O7)2,4.0047999999999995,4.050559716925715,Monoclinic,3.97,-0.034799999999999276
mp-1200569,Rb3Cd(BO2)5,3.7312000000000003,3.241111397915916,Monoclinic,2.34,-1.3912000000000004
mp-1103730,Na4Mg(GeSe3)2,1.8221916545677967,3.773932722544048,Monoclinic,2.53,0.7078083454322031
mp-1103351,Na4Mg(SiSe3)2,2.763295747780871,3.517376325635453,Monoclinic,2.85,0.08670425221912925
mp-1779,YbTe,1.4678,9.089476739533618,Cubic,1.8,0.33220000000000005
mp-1019554,BaNaB5O9,5.0076,3.068945465837579,Monoclinic,4.78,-0.2275999999999998
mp-1342,BaO,2.0906000000000002,5.859229678931834,Cubic,4.8,2.7093999999999996
mp-581967,Nb2O5,1.6713,4.300420668220531,Monoclinic,3.08,1.4087
mp-1106270,BaPd(IO3)4,1.9077000000000002,4.870003431742831,Triclinic,1.97,0.0622999999999998
mp-28911,BaReH9,3.8357,4.820811227759652,Hexagonal,3.44,-0.39570000000000016
mp-1500,BaS,2.1513,4.190346377672401,Cubic,3.88,1.7287
mp-1000,BaTe,1.5920999999999998,4.937715832687877,Cubic,3.4,1.8079
mp-1427,Lu2O3,4.021100000000001,9.784622907831332,Cubic,5.5,1.4788999999999994
mp-1202389,LaVI5O16,2.3631,4.8667467758309355,Monoclinic,3.58,1.2168999999999999
mp-32688,Nd2Se3,1.4284999999999997,6.517396425272431,Tetragonal,1.7,0.2715000000000003
mp-548469,BaZnSO,2.2367,5.165024825144456,Orthorhombic,3.9,1.6633
mp-561232,NaSm(PS3)2,2.7929999999999997,3.1333939109434095,Monoclinic,2.54,-0.25299999999999967
mp-18337,Be3N2,3.3145000000000007,2.724295339672568,Cubic,3.8,0.48549999999999915
mp-1197285,RbCd(BO2)3,3.8097000000000003,3.4041118680171603,Monoclinic,4.2,0.39029999999999987
mp-422,BeS,3.1433,2.361792333291721,Cubic,4.17,1.0267
mp-1541,BeSe,2.6701,4.233530580003136,Cubic,4.0,1.3298999999999999
mp-252,BeTe,2.0172,4.996636960395607,Cubic,2.89,0.8728000000000002
mp-556210,Bi2CO5,2.2747,7.860438044081122,Orthorhombic,3.42,1.1452999999999998
mp-1204764,Bi2I4O13,3.5313000000000003,6.3343662141896315,Orthorhombic,3.3,-0.2313000000000005
mp-23388,Bi2(MoO4)3,2.6389000000000005,6.291529082305378,Monoclinic,2.9,0.26109999999999944
mp-11718,RbF,5.5282,3.883571769603445,Cubic,10.4,4.8718
mp-726170,RbF3,2.114,3.0626301104570843,Monoclinic,0.0,-2.114
mp-1200193,Bi2Mo2Se2O13,2.810501458422717,5.82420548977169,Triclinic,3.15,0.3394985415772829
mp-1190898,Bi7O5F11,3.9069,8.618384202407865,Monoclinic,4.05,0.1431
mp-556601,BiBPbO4,2.8236999999999997,7.579587005975427,Monoclinic,3.2,0.3763000000000005
mp-2913080,BiBr3,2.8826,4.309906655222792,Monoclinic,2.66,-0.2225999999999999
mp-1209628,RbGaSnSe4,1.3776000000000002,4.139294051168981,Monoclinic,1.88,0.5023999999999997
mp-1189598,Y3GaS6,2.0555000000000003,3.8354772025598836,Orthorhombic,2.88,0.8244999999999996
mp-40674,Sr5V3O12F,3.9987000000000004,3.9772542910496846,Hexagonal,4.5,0.5012999999999996
mp-1227709,BiP3(PbO4)3,3.6994,6.278180778498214,Monoclinic,3.7,0.000600000000000378
mp-2980,Pr2Te4O11,3.3043,6.071020024510636,Monoclinic,3.65,0.3456999999999999
mp-560158,Na3Zn(BO2)5,4.2757,2.7379064506719257,Monoclinic,3.2,-1.0756999999999994
mp-1190564,BiPO4,3.7758000000000003,6.867906501334936,Monoclinic,3.85,0.07419999999999982
mp-23324,BiSBr,2.0038,6.212864267867591,Orthorhombic,1.88,-0.12380000000000013
mp-23318,BiSCl,1.9636000000000005,5.648961785149679,Orthorhombic,1.89,-0.07360000000000055
mp-680422,CBr4,2.9089,3.0540428858146758,Monoclinic,3.7,0.7911000000000001
mp-1195032,BiTeNO6,2.8005453012566557,5.934153892707038,Monoclinic,3.62,0.8194546987433444
mp-558751,Ca(BiO2)2,2.5433999999999997,7.0393159666588865,Monoclinic,3.08,0.5366000000000004
mp-32689,Pr2Se3,1.4255999999999998,6.297756116894828,Tetragonal,1.8,0.3744000000000003
mp-1019569,Ca10Ge16(B2O17)3,3.0963000000000003,4.158731170808224,Orthorhombic,5.47,2.3736999999999995
mp-1232659,MnO,1.1560999999999995,5.484829166278692,Orthorhombic,3.6,2.4439000000000006
mp-1199265,Nb2Pb2Se4O15,2.6621050242094615,5.029642019983755,Monoclinic,2.79,0.12789497579053855
mp-1192404,RbH2(IO3)3,3.5113000000000003,4.271443643627188,Triclinic,4.07,0.5587
mp-24022,RbH3(SeO3)2,4.1504,3.1638720419241286,Orthorhombic,4.84,0.6895999999999995
mp-2652,Y2O3,4.097300000000001,5.026122839880902,Cubic,5.6,1.502699999999999
mp-541289,Y2S3,1.5992000000000002,3.80506725111893,Monoclinic,2.9,1.3007999999999997
mp-1194561,NaSc(SeO3)2,3.8413000000000004,3.5513706114256802,Orthorhombic,5.5,1.6586999999999996
mp-769396,Y2Ge2O7,2.9452000000000003,5.920503133880767,Cubic,0.0,-2.9452000000000003
mp-1195363,Rb3Bi2Br9,3.2176,4.309888101187422,Monoclinic,2.62,-0.5975999999999999
mp-601861,RbInS2,2.0972,3.634548209400601,Monoclinic,3.3,1.2027999999999999
mp-1189528,Ca2ScSbO6,3.6317999999999997,4.536639061620849,Monoclinic,3.68,0.048200000000000465
mp-866503,Ca2SnS4,2.3042,2.8822057229914533,Orthorhombic,2.32,0.015800000000000036
mp-3666,LiTaO3,3.7003,7.452082834914814,Trigonal,4.1,0.3996999999999997
mp-1192556,RbInTe3O8,3.0400000000000005,4.942539876966627,Triclinic,3.9,0.8599999999999994
mp-1194625,Rb2Mo3Se3O16,2.6974,3.8875800389044803,Monoclinic,3.1,0.40260000000000007
mp-5955,NaSbF6,4.8826,3.039349922486395,Cubic,3.76,-1.1226000000000003
mp-844,Ca3N2,1.1111,2.634933163204654,Cubic,1.55,0.43890000000000007
mp-973391,LiSiB6,1.6762000000000006,2.3555393810605008,Orthorhombic,2.27,0.5937999999999994
mp-2759927,Ca4Bi6O13,2.1691999999999996,7.195485944755062,Orthorhombic,2.76,0.5908000000000002
mp-6632,Ca5B3O9F,4.236800000000001,2.8905013535729394,Monoclinic,6.53,2.2931999999999997
mp-531826,Li2PtO3,1.9603000000000002,7.686265310802894,Monoclinic,2.3,0.33969999999999967
mp-1198591,RbMoPO6,2.83698854928076,3.5639390693842588,Orthorhombic,2.96,0.12301145071924013
mp-1189383,Li2CdGeS4,2.235934698116427,3.099671324710496,Orthorhombic,3.1,0.8640653018835729
mp-1201687,RbNb3(TeO6)2,2.4039,4.818111377682108,Orthorhombic,3.49,1.0861
mp-30031,CaI2,3.8983,3.810445052054904,Trigonal,5.98,2.0817000000000005
mp-1188784,Li2CdSnS4,1.9346545269162678,3.31329610203015,Orthorhombic,3.26,1.325345473083732
mp-18835,VPO4,1.8346999999999998,3.7579271900754843,Orthorhombic,0.0,-1.8346999999999998
mp-558917,LiMoIO6,2.2334,4.157636343235878,Monoclinic,2.8,0.5665999999999998
mp-5795,CaMg2N2,1.9919000000000002,2.952859400261945,Trigonal,3.25,1.2580999999999998
mp-1106218,Sr2ScSbO6,3.5074,5.389964212793931,Monoclinic,3.57,0.06259999999999977
mp-4438,CaSnO3,2.3327,5.520396794555522,Orthorhombic,4.4,2.0673000000000004
mp-754656,LiMnO2,1.1872999999999996,4.2431690975495275,Monoclinic,0.0,-1.1872999999999996
mp-17945,RbPSe6,1.8607999999999998,4.00412423389242,Orthorhombic,2.18,0.3192000000000004
mp-9028,PrBN2,2.1010000000000004,5.921697984004394,Trigonal,4.0,1.8989999999999996
mp-31924,LiMnP2O7,1.2249999999999999,3.14403458381199,Monoclinic,0.0,-1.2249999999999999
mp-1189259,RbSbSe2,1.5390000000000001,4.470102613497316,Triclinic,1.62,0.08099999999999996
mp-1190388,Na2Ga2GeS6,2.6215,2.789246227264336,Orthorhombic,3.29,0.6684999999999999
mp-3762,VCu3S4,1.0358000000000005,3.9661354585107778,Cubic,1.0,-0.0358000000000005
mp-4452,Cd(GaS2)2,2.12,3.94633238195508,Tetragonal,3.4,1.2799999999999998
mp-28914,Cd4P2Br3,1.3992999999999998,5.114675492739633,Cubic,2.19,0.7907000000000002
mp-22881,CdCl2,3.5244,3.8693360772742498,Trigonal,5.7,2.1756
mp-568722,CdBr2,2.8528000000000002,4.887249841734953,Trigonal,4.47,1.6171999999999995
mp-241,CdF2,2.8987,6.340854978788501,Cubic,6.0,3.1013
mp-1190145,Na2In2GeS6,2.1906999999999996,3.085152911406138,Monoclinic,3.17,0.9793000000000003
mp-1190429,Na2In2GeSe6,1.3695,4.094656633720095,Monoclinic,2.47,1.1005000000000003
mp-1190138,Na2In2SiS6,2.2375,2.986415666544774,Monoclinic,3.27,1.0325000000000002
mp-570437,CdI2,2.3367,5.33992125742821,Trigonal,3.8,1.4632999999999998
mp-3349,Sr3Ti2O7,1.8385999999999996,5.022340123883455,Tetragonal,3.26,1.4214000000000002
mp-5532,Sr2TiO4,1.9149000000000003,4.987146516515572,Tetragonal,3.41,1.4950999999999999
mp-37906,LiMgN,2.2706999999999997,2.4675929016936013,Cubic,3.2,0.9293000000000005
mp-12558,LiMgAs,1.3738000000000001,3.0224638409455897,Cubic,0.7,-0.6738000000000002
mp-1194849,Na3MoO4F,4.535520510917721,2.927987404898989,Orthorhombic,4.77,0.234479489082279
mp-20194,CeO2,2.0035,6.994759113436836,Cubic,3.41,1.4065000000000003
mp-1188392,LiInS2,2.1957600466486826,3.3779282827412462,Orthorhombic,3.56,1.3642399533513174
mp-20187,LiInSe2,1.5731,4.414420049074135,Tetragonal,2.83,1.2569000000000001
mp-18855,Co2Te3O8,2.4752,5.578240049228744,Monoclinic,3.6,1.1248
mp-1204836,RbTa3(TeO6)2,2.8998,6.623992784465059,Orthorhombic,3.88,0.9802
mp-20782,LiInTe2,1.3847,4.7046050396064825,Tetragonal,1.46,0.07529999999999992
mp-973966,LiIn(IO3)4,3.0613000000000006,4.7994626000742375,Triclinic,4.27,1.208699999999999
mp-10782,RbTbSe2,1.9306999999999999,5.405723548478854,Trigonal,2.5,0.5693000000000001
mp-1216962,V3Bi(PbO4)3,2.6886075146642003,5.875469861943786,Monoclinic,2.5,-0.18860751466420034
mp-5048,LiGaTe2,1.5885000000000002,4.598910544661296,Tetragonal,2.31,0.7214999999999998
mp-1226003,CoPS,1.1231,5.14034020155294,Cubic,0.4,-0.7231
mp-1048867,V2ZnO4,1.3646999999999996,4.84753175603675,Trigonal,0.0,-1.3646999999999996
mp-5854,LiGaO2,3.1981,4.203040449421721,Orthorhombic,5.6,2.4018999999999995
mp-1203641,V2Pb4(Se2O7)3,2.3938133237632746,5.426534778705022,Orthorhombic,3.37,0.9761866762367255
mp-554700,V2Zn3TeO10,2.8511,4.23209149396811,Monoclinic,2.96,0.10889999999999977
mp-15998,RbV(CuS2)2,1.1080999999999999,3.4510612102209683,Orthorhombic,1.45,0.3419000000000001
mp-1194706,RbY(TeO3)2,3.1745214622454467,4.6027266369179785,Orthorhombic,3.6,0.42547853775455335
mp-1078258,Cs2AgBiCl6,1.8663,4.185373906689668,Cubic,2.77,0.9037
mp-19146,CrPbO4,2.0522,6.105820652298429,Monoclinic,2.25,0.19779999999999998
mp-1019602,Cs2Al2B2O7,4.2490000000000006,3.470986093321443,Monoclinic,4.13,-0.11900000000000066
mp-567386,Cs2Cd3Te4,1.5586999999999998,5.208601388042287,Orthorhombic,2.48,0.9213000000000002
mp-557436,NaNb2PS10,1.3287385659975768,2.645003874479318,Monoclinic,1.72,0.3912614340024232
mp-1195667,Cs2MgGe3Se8,1.4672,3.998287024066768,Orthorhombic,2.04,0.5728
mp-1195633,Cs2MgSn3Se8,1.4299,3.9823937416482655,Orthorhombic,1.92,0.4901
mp-558211,Cs2NaCoF6,2.801,4.414682130449287,Trigonal,0.0,-2.801
mp-15223,Cs2NbCuSe4,1.6350999999999998,4.31104593221298,Orthorhombic,2.19,0.5549000000000002
mp-31285,Cs2PdSe8,1.4878000000000002,4.372583634843062,Tetragonal,1.5,0.012199999999999767
mp-1226151,Cs2SiB4O9,4.798571170378892,3.4026518065126066,Monoclinic,6.53,1.731428829621108
mp-1195304,Cs2Sn3(SbS5)2,1.8595000000000002,3.754630645026731,Monoclinic,2.34,0.4804999999999997
mp-573763,Cs2Te,1.7768,4.077192027254457,Orthorhombic,3.5,1.7232
mp-23405,Cs2TeBr6,2.1118,4.262190091930622,Cubic,2.12,0.008199999999999985
mp-540957,Cs2TeI6,1.3937,4.5926716332221025,Cubic,1.5,0.10630000000000006
mp-10488,Cs2Ti(AgS2)2,1.6053000000000002,4.178013152777759,Tetragonal,2.44,0.8346999999999998
mp-8684,Cs2VAgS4,1.3867,3.493969481725213,Orthorhombic,1.77,0.3833
mp-1194749,Cs2ZnGe3Se8,1.3992,4.048113425904469,Orthorhombic,2.31,0.9108
mp-1194701,Cs2ZnSn3Se8,1.2553000000000003,4.250306894866579,Orthorhombic,2.12,0.8646999999999998
mp-669458,Cs3Bi2I9,2.6104000000000003,4.773291680293002,Monoclinic,1.8,-0.8104000000000002
mp-27544,Cs3Bi2Br9,2.5982999999999996,4.6106176839347395,Trigonal,2.5,-0.09829999999999961
mp-1019615,Cs3Li4(BO2)7,4.5217,3.110218003798992,Trigonal,6.53,2.0083
mp-7469,NaCuO,1.2686,3.8377160007877644,Tetragonal,0.0,-1.2686
mp-579560,Cs3Sb2Br9,1.9801,4.180171254834552,Trigonal,2.3,0.31989999999999985
mp-23029,Cs3Sb2I9,1.8679000000000001,4.4593042391721465,Hexagonal,1.89,0.022099999999999786
mp-1201443,Cs3Nb9(TeO8)4,1.4336000000000002,4.835179145095748,Orthorhombic,3.22,1.7864
mp-1202502,Cs4Ge5(PbS4)4,2.298,4.052397467542565,Orthorhombic,1.95,-0.3480000000000001
mp-1204289,Cs4BiAs3Se7,1.4702,4.273373869153464,Monoclinic,1.02,-0.45019999999999993
mp-1195417,Cs4Ge(PSe3)4,1.3829,3.646212921385025,Orthorhombic,2.0,0.6171
mp-15221,Rb2NbCuS4,1.9741000000000002,3.2074925859743257,Orthorhombic,2.64,0.6658999999999999
mp-15222,Rb2NbCuSe4,1.6382999999999999,4.098099140740481,Orthorhombic,2.19,0.5517000000000001
mp-680246,Cs4Zr3S14,1.7154,3.3322903656344365,Monoclinic,2.35,0.6346
mp-866615,CsAg2AsS3,1.6564786860377902,4.343555023774832,Monoclinic,2.7,1.04352131396221
mp-17964,Na2Ge2Se5,1.4022999999999999,3.9788507090143197,Orthorhombic,2.38,0.9777
mp-2667,CsAu,1.0232999999999999,6.972598533795591,Cubic,2.3,1.2767
mp-3977,CsB3O5,5.305300000000001,3.323667764237332,Orthorhombic,7.42,2.114699999999999
mp-541378,CsBiS2,1.5402999999999998,4.858672452570119,Monoclinic,1.39,-0.15029999999999988
mp-1196438,CsCu2AsS3,1.353672754911432,4.182496623862326,Orthorhombic,2.3,0.9463272450885678
mp-1191636,CsCdBO3,1.6461999999999999,4.526663480293063,Cubic,2.58,0.9338000000000002
mp-1784,CsF,5.2626,4.6425917609252725,Cubic,10.0,4.7374
mp-7155,CsErZnSe3,2.1566,5.393311556738807,Orthorhombic,2.56,0.4034
mp-562726,CsGaS3,2.4691,3.3267585013270358,Monoclinic,3.0,0.5308999999999999
mp-1228884,CsH3(SeO3)2,4.1517,3.5261380165147123,Triclinic,4.77,0.6182999999999996
mp-1200720,CsInSe2,2.1824,4.6291286952316835,Monoclinic,2.81,0.6276000000000002
mp-559459,CsInS2,2.1704,3.995907586592544,Monoclinic,3.4,1.2296
mp-1199743,CsInTe2,1.8532000000000002,4.6832081157843986,Monoclinic,2.16,0.30679999999999996
mp-1192413,CsInTe3O8,3.0751999999999997,5.05564063383743,Triclinic,3.9,0.8248000000000002
mp-1019715,CsLi(B3O5)2,5.0869,2.3774915447116984,Orthorhombic,6.89,1.8030999999999997
mp-1202825,CsLu7S11,2.0075000000000003,5.857103275196888,Orthorhombic,1.86,-0.1475000000000002
mp-1203743,CsLu7Se11,1.5927,6.730183491482308,Orthorhombic,1.78,0.18730000000000002
mp-1222404,LiBiS2,1.7886000000000006,5.445330669371229,Trigonal,0.11,-1.6786000000000005
mp-6126,LiCdBO3,2.1155999999999997,4.344979665887188,Hexagonal,4.28,2.1644000000000005
mp-1767,Tm2O3,3.9787,9.150946310314623,Cubic,4.53,0.5513000000000003
mp-1192530,CsPPbO4,4.0581,5.39109409150986,Orthorhombic,4.39,0.3319000000000001
mp-1225967,CsPSe6,1.6167061097418878,4.071602896032002,Monoclinic,1.9,0.28329389025811214
mp-1192528,LiCa3As2H,1.4416999999999995,3.161484030801407,Orthorhombic,1.4,-0.041699999999999626
mp-1195448,CsSb(SO4)2,4.0866,3.662842869434355,Orthorhombic,4.68,0.5933999999999999
mp-561639,CsSbS2,1.7380999999999998,3.9443446354800775,Monoclinic,2.8,1.0619
mp-2969,CsSbSe2,1.1348,4.6357308949612275,Monoclinic,1.7,0.5651999999999999
mp-1194629,CsSc(SeO3)2,4.1332,3.894480797632195,Orthorhombic,5.2,1.0667999999999997
mp-510062,CsSmCdSe3,2.0229999999999997,5.167033427724434,Orthorhombic,2.45,0.4270000000000005
mp-638078,CsTbZnTe3,1.3573,5.426832816194656,Orthorhombic,2.12,0.7627000000000002
mp-1025340,Cu2WSe4,1.2756999999999996,6.004547176985422,Tetragonal,1.65,0.3743000000000003
mp-11116,CsYCdSe3,2.0858,4.7867016506577444,Orthorhombic,2.54,0.45420000000000016
mp-555874,LiAsS2,1.0664000000000002,3.0528224940756976,Monoclinic,1.6,0.5335999999999999
mp-1213115,CsYbMnSe3,1.2409,5.42262004935748,Orthorhombic,1.59,0.3491000000000002
mp-1195000,CsZn2B3O7,4.0248,3.424413631669519,Orthorhombic,5.69,1.6652000000000005
mp-12954,CuBS2,1.7424999999999997,4.097111189141546,Tetragonal,3.61,1.8675000000000002
mp-1634,MoSe2,1.4176000000000002,6.512714088235233,Hexagonal,1.6,0.1823999999999999
mp-762,PtS2,1.4394999999999998,7.051273549454283,Trigonal,0.75,-0.6894999999999998
mp-1213120,Dy2(MoO4)3,3.9959,4.6985822423578485,Tetragonal,1.92,-2.0759
mp-1105187,CuPS3,1.1555,3.0133749628683897,Tetragonal,2.2,1.0445000000000002
mp-2345,Dy2O3,3.9254999999999995,8.333958276713304,Cubic,5.0,1.0745000000000005
mp-1102833,SbOsS,1.1192289489036256,10.042148337265814,Monoclinic,1.2,0.08077105109637439
mp-1101771,SbOsSe,1.1232999999999995,10.542719695926204,Monoclinic,0.4,-0.7232999999999995
mp-1189242,Dy3GaS6,2.0614999999999997,5.474547213069172,Orthorhombic,2.81,0.7485000000000004
mp-1095296,Dy4Te3S4,1.3965999999999994,6.327594466843864,Monoclinic,1.43,0.03340000000000054
mp-390,TiO2,2.0629999999999997,3.8561390633045,Tetragonal,3.3,1.237
mp-5767,DyPO4,5.8933,6.006926613586458,Tetragonal,6.38,0.4866999999999999
mp-22971,SbSBr,1.7693000000000003,4.591719207627386,Orthorhombic,2.17,0.4006999999999996
mp-679,Er2O3,3.9684999999999997,8.89420999863139,Cubic,5.42,1.4515000000000002
mp-209,Er2Se3,1.3288,6.781400495924921,Orthorhombic,1.66,0.33119999999999994
mp-8901,Rb2VAgS4,1.3396000000000001,3.1890921261170013,Orthorhombic,1.83,0.49039999999999995
mp-15219,Rb2VCuS4,1.2429000000000001,3.20071230966819,Orthorhombic,1.85,0.6071
mp-5967,TiCoSb,1.0431999999999997,7.557042610307408,Cubic,0.95,-0.09319999999999973
mp-1105212,Rb2AgPS4,2.2636000000000003,3.1755463364599747,Triclinic,2.6,0.3363999999999998
mp-401,Sc2S3,1.0349999999999997,2.883972638006616,Orthorhombic,2.0,0.9650000000000003
mp-4043,NbCu3Se4,1.3599999999999999,5.473847425981426,Cubic,2.45,1.0900000000000003
mp-571293,Rb2BaNb2Se11,1.5116999999999998,4.712577206136999,Monoclinic,1.53,0.018300000000000205
mp-13383,ScAg(PSe3)2,1.6441,4.075887203752484,Trigonal,1.55,-0.09409999999999985
mp-11022,ScAgO2,2.1264000000000003,5.5381151818901335,Hexagonal,3.8,1.6735999999999995
mp-3642,ScCuO2,2.3292000000000006,4.562429094571791,Hexagonal,3.3,0.9707999999999992
mp-1209316,Rb2Ti(AgS2)2,1.5994,3.7931905801493655,Tetragonal,2.33,0.7306000000000001
mp-7129,Rb2Ti(CuS2)2,1.6602999999999999,3.8001794975062926,Tetragonal,2.19,0.5297000000000001
mp-28070,Rb2TeI6,1.6227,4.362730970308794,Tetragonal,1.4,-0.22270000000000012
mp-1197024,FeBi(SeO3)3,2.6249000000000002,4.819103847022588,Orthorhombic,2.54,-0.0849000000000002
mp-570884,TeI4,1.7639000000000002,4.305102813165743,Orthorhombic,1.1,-0.6639000000000002
mp-8377,TeO2,2.9162000000000003,5.6573540267110785,Orthorhombic,3.0,0.08379999999999965
mp-18556,Rb2Cd3S4,1.7838,4.181207483407157,Orthorhombic,2.92,1.1361999999999999
mp-16818,Rb2Cd3Se4,1.4123,4.858757942814952,Orthorhombic,2.37,0.9577
mp-29901,Rb2Cd3Te4,1.4415,5.0459389898398825,Monoclinic,2.3,0.8584999999999998
mp-1196984,Ga2PbS4,2.2737486248533103,4.673442154129545,Orthorhombic,2.38,0.10625137514668959
mp-571171,Ga2PbSe4,2.4123,5.894453318711996,Orthorhombic,1.83,-0.5823
mp-539,Ga2S3,1.7106,3.5717040448718156,Monoclinic,2.8,1.0894
mp-1196063,Ga2Se2O7,4.2010000000000005,4.864833067284663,Orthorhombic,4.61,0.4089999999999998
mp-1104707,Na(GeP)3,1.0854999999999997,3.48726505849265,Orthorhombic,2.06,0.9745000000000004
mp-1194398,GaHSeO4,4.517200000000001,4.529430059566558,Orthorhombic,5.51,0.992799999999999
mp-2490,GaP,1.5917000000000003,4.128066400195779,Cubic,2.74,1.1482999999999999
mp-988,Si3N4,4.2503,3.2020796443326165,Hexagonal,5.1,0.8496999999999995
mp-504886,Gd2O3,2.9411000000000005,7.632702123264896,Cubic,5.3,2.3588999999999993
mp-541897,Rb2Cd(PSe3)2,1.7916999999999998,3.9204227701722036,Monoclinic,2.58,0.7883000000000002
mp-569128,SiB3,1.4104999999999999,2.4689221908509955,Orthorhombic,2.0,0.5895000000000001
mp-441,Rb2Te,1.8837,3.1589864632960185,Cubic,4.5,2.6163
mp-510490,GdScS3,1.1773999999999996,4.58894388031411,Orthorhombic,2.1,0.9226000000000005
mp-1205339,Ge(SeO3)2,3.6811000000000003,4.278777386974612,Monoclinic,5.27,1.5888999999999993
mp-624190,GePbS3,1.8130000000000002,4.825704321802727,Monoclinic,2.4,0.5869999999999997
mp-19009,NiO,2.387200000000001,6.76215448706649,Cubic,4.0,1.6127999999999991
mp-27922,GeI2,2.0217,4.739246034531969,Trigonal,1.5,-0.5217
mp-470,GeO2,1.2428,6.205128158243331,Tetragonal,5.54,4.2972
mp-3006,P2Pd3S8,1.5955,3.355390570155651,Trigonal,2.12,0.5245000000000002
mp-570324,Rb2TeBr6,2.101,4.027617416316245,Tetragonal,2.14,0.039000000000000146
mp-17868,NaAsO3,2.8628,3.4650536643388534,Triclinic,0.0,-2.8628
mp-1202576,Tb4GaSbS9,2.023932138921271,5.5429422590891795,Orthorhombic,2.44,0.41606786107872873
mp-1195291,Rb2Cu2Sb2S5,1.1974999999999998,4.035023713073215,Monoclinic,1.6,0.4025000000000003
mp-1194540,Rb2Sn3(SbS5)2,1.8255,3.565499563578739,Monoclinic,2.33,0.5045000000000002
mp-352,HfO2,4.0161999999999995,10.241243300471636,Monoclinic,5.55,1.5338000000000003
mp-1056,Tb2O3,3.9006,8.013812697274941,Cubic,3.0,-0.9005999999999998
mp-985829,HfS2,1.2325,5.799198864447752,Trigonal,2.9,1.6675
mp-812,Ho2O3,3.9489,8.612953640267063,Cubic,5.42,1.4710999999999999
mp-878,Ho2S3,1.4626000000000001,6.0464082578069025,Monoclinic,0.5,-0.9626000000000001
mp-2798,SiP,1.7418,2.2594483623492314,Orthorhombic,2.0,0.2582
mp-9996,SiP2,1.4262000000000001,2.275614730809125,Orthorhombic,1.89,0.46379999999999977
mp-568264,SiSe2,2.167,3.374205300441155,Orthorhombic,1.72,-0.44699999999999984
mp-1221125,NaBiS2,1.4468999999999994,5.1626002796194665,Trigonal,0.38,-1.0668999999999995
mp-1190487,Na2Zn(SnS3)2,1.7270999999999999,3.0622635471471717,Orthorhombic,2.93,1.2029000000000003
mp-1221101,NaBiSe2,1.0922999999999998,6.024334784686777,Trigonal,0.28,-0.8122999999999998
mp-1199125,In2Se2O7,3.6359000000000004,5.428309883335793,Orthorhombic,2.97,-0.6659000000000002
mp-559521,InBi2S4Cl,1.5739999999999998,5.98980958495434,Monoclinic,1.5,-0.07399999999999984
mp-10748,TaCu3S4,1.9288000000000003,5.0255711549174675,Cubic,3.0,1.0711999999999997
mp-20790,InPS4,2.3185000000000002,3.0561298707636553,Tetragonal,3.12,0.8014999999999999
mp-559864,InSb2S4Br,1.5267999999999997,4.548765454338932,Monoclinic,1.8,0.27320000000000033
mp-556541,InSb2S4Cl,1.5185999999999997,4.241925359769626,Monoclinic,1.8,0.2814000000000003
mp-218,Sm2O3,3.7823,7.079480091053787,Cubic,5.0,1.2176999999999998
mp-13019,NaLa2TaO6,3.971,6.719341005679399,Monoclinic,4.5,0.5289999999999999
mp-560217,K2Al2B2O7,4.5949,2.4718261330714473,Trigonal,6.89,2.2950999999999997
mp-1195201,K2Au(IO3)5,1.9931,4.587905861132399,Orthorhombic,2.65,0.6568999999999998
mp-1105337,Sm3B(SO)3,1.5316,5.697334243097252,Triclinic,2.5,0.9683999999999999
mp-571637,K2Cd2Te3,1.3224,4.343211517809358,Monoclinic,1.93,0.6075999999999999
mp-18101,K2Cd3S4,1.7875999999999999,3.782273263711488,Orthorhombic,2.75,0.9624000000000001
mp-1198419,K2Cd3Se4,1.9294999999999998,4.558188691115089,Orthorhombic,2.36,0.4305000000000001
mp-1195550,K2Ce(PO4)2,1.7779000000000003,3.8730994828605843,Monoclinic,2.46,0.6820999999999997
mp-10973,K2Ga3CuSe6,1.0807000000000002,4.169716123269131,Monoclinic,1.72,0.6392999999999998
mp-561132,K2Ge2PbS6,2.2112999999999996,3.2678868412186013,Monoclinic,2.85,0.6387000000000005
mp-10390,Ta2O5,3.0667999999999997,8.72898921823449,Monoclinic,4.2,1.1332000000000004
mp-1020707,Rb2GeB4O9,4.0842,3.1363604851140803,Monoclinic,5.54,1.4558
mp-1199715,K2In2P3Se10,2.0586,3.8919635097436713,Monoclinic,2.2,0.14139999999999997
mp-21705,K2In3AgSe6,1.0658,4.575631963199624,Monoclinic,1.64,0.5741999999999998
mp-1223734,K2La2Sb2S9,1.1627153853088976,3.6860925154514397,Orthorhombic,2.2,1.0372846146911026
mp-20289,NaInS2,1.8412000000000002,4.009346847824205,Trigonal,1.9,0.05879999999999974
mp-22473,NaInSe2,1.0192999999999999,5.105290094915506,Trigonal,2.8,1.7807
mp-1195788,K2Mo2Se2O11,2.7870788582395996,3.6807624169573474,Orthorhombic,3.3,0.5129211417604003
mp-9763,K2NbCuS4,1.9478,2.752204914796409,Orthorhombic,2.82,0.8721999999999999
mp-9003,K2NbCuSe4,1.6164,3.767752675317172,Orthorhombic,2.14,0.5236000000000001
mp-1199065,Sm4GaSbS9,1.9758954940606617,5.183655842956552,Orthorhombic,2.23,0.2541045059393383
mp-1196183,Sm4InSbS9,2.1668999999999996,5.241943397465371,Tetragonal,2.13,-0.03689999999999971
mp-9509,K2PAuS4,1.5691000000000002,3.248325534109516,Monoclinic,2.63,1.0608999999999997
mp-505138,K2PdSe10,1.0629,3.949648281891623,Tetragonal,1.48,0.4171
mp-29877,K2ReH9,5.2131,3.1481118608032292,Hexagonal,5.71,0.4969000000000001
mp-1022,K2S,2.3215000000000003,1.7972020776470565,Cubic,2.1,-0.22150000000000025
mp-8426,K2Se,2.0925000000000002,2.3116973251375823,Cubic,1.8,-0.2925000000000002
mp-3488,Na2Ti3O7,2.9952000000000005,3.4566879608625083,Monoclinic,3.51,0.5147999999999993
mp-557121,K2Sn(AuS2)2,1.6523,4.572899656350246,Triclinic,2.75,1.0977
mp-555587,K2SmP2S7,2.2517000000000005,2.4475286412971986,Monoclinic,2.59,0.3382999999999994
mp-1195395,K2Sn3(SbS5)2,1.8165999999999998,3.3741444815275026,Monoclinic,2.3,0.48340000000000005
mp-1747,K2Te,2.1372,2.4952208928493556,Cubic,1.9,-0.23720000000000008
mp-27688,K2TeI6,1.7449,4.1042619630829,Monoclinic,1.38,-0.3649
mp-1211474,K2Ti(CuS2)2,1.6741357685031373,3.178635905192419,Tetragonal,2.04,0.36586423149686276
mp-15147,K2VCuS4,1.2343,2.6030074755449344,Orthorhombic,1.82,0.5857000000000001
mp-8900,K2VAgS4,1.3049999999999997,2.8780950476423306,Orthorhombic,1.85,0.5450000000000004
mp-1195072,K2Zn(SnSe3)2,1.5684000000000002,4.0422803444738,Tetragonal,1.71,0.14159999999999973
mp-12535,K2ZnTe2,2.0537,3.710848209361457,Orthorhombic,3.0,0.9462999999999999
mp-1190141,Na2TeS3,1.7828,2.9046186995386263,Monoclinic,2.35,0.5672000000000001
mp-573581,Na2TeSe3,1.2031,4.059082861267636,Monoclinic,1.87,0.6669
mp-1204785,K3Cd(BO2)5,3.8179999999999996,2.6866248239626462,Monoclinic,3.47,-0.3479999999999994
mp-628185,K3NaSn3Se8,1.4211000000000003,3.8764877917546787,Tetragonal,2.2,0.7788999999999999
mp-2784,Na2Te,2.0286999999999997,3.0055841082976436,Cubic,2.3,0.2713000000000001
mp-542545,K3Nb2AsSe11,1.1634,4.074784707639802,Monoclinic,1.53,0.36660000000000004
mp-560964,K3Sm(AsS4)2,1.6795000000000002,2.7385804931646685,Monoclinic,2.2,0.5205
mp-1958,SrTe,1.7616,4.728243249567415,Cubic,3.73,1.9684
mp-1211748,K3Ta2AsS11,1.8918000000000001,3.3638096055584494,Monoclinic,2.21,0.3181999999999998
mp-683905,K3Ta2AsSe11,1.1897,4.692403564347663,Monoclinic,1.45,0.2603
mp-1211873,K3Ti2P5S18,1.1872999999999998,2.160345075475979,Monoclinic,1.61,0.4227000000000003
mp-985583,Li3PS4,2.8095035353998923,1.8542669892124035,Orthorhombic,3.68,0.8704964646001079
mp-542435,Li3ScN2,2.2440999999999995,2.5047208684741737,Cubic,2.9,0.6559000000000004
mp-1195433,K4Ge(PSe3)4,1.4017000000000002,3.321124550143389,Orthorhombic,2.0,0.5982999999999998
mp-2879,SrSnO3,1.7406000000000001,6.345516917916609,Orthorhombic,4.1,2.3593999999999995
mp-556627,K4GeS4,2.7133,2.2675701392280323,Cubic,0.8,-1.9132999999999998
mp-568847,K4GeSe4,2.0003,3.0649770790186497,Cubic,0.64,-1.3603
mp-2758,SrSe,2.2313,4.4686155116412465,Cubic,4.42,2.1887
mp-4092,SrSeO4,3.5358,4.371653072983715,Monoclinic,4.75,1.2142
mp-17698,K6CdTe4,1.6614,3.1790695598418917,Hexagonal,2.51,0.8485999999999998
mp-12532,KAg2PS4,1.25,3.6503124508238196,Tetragonal,3.02,1.77
mp-1087,SrS,2.4968000000000004,3.593405715653541,Cubic,4.76,2.2631999999999994
mp-3074,KAgO,1.4858,4.099159392580221,Tetragonal,0.0,-1.4858
mp-29179,SnCl2,3.0504999999999995,3.783777175742816,Monoclinic,3.9,0.8495000000000004
mp-14659,KAsSe2,1.5863,3.5143089205510036,Monoclinic,1.62,0.03370000000000006
mp-557441,KAu(IO3)4,2.1376,4.904763265829201,Triclinic,2.75,0.6124
mp-5045,SnGeS3,1.6098000000000003,3.590124061458262,Monoclinic,2.23,0.6201999999999996
mp-1196123,Nd2HfS5,1.0398677693689269,6.1112008906161615,Orthorhombic,0.7,-0.33986776936892693
mp-1191826,KBaAsSe3,1.5971,4.0830175999927105,Monoclinic,2.26,0.6628999999999998
mp-557420,KBaB5O9,4.8693,2.9725819181094852,Monoclinic,3.65,-1.2193
mp-1196607,NaIn(IO3)4,3.02192796277456,4.8124575318043465,Monoclinic,4.25,1.2280720372254401
mp-27194,SnI2,1.7063000000000001,5.117978705179939,Monoclinic,2.4,0.6936999999999998
mp-23182,SnI4,2.0284,4.143708705484457,Cubic,2.38,0.3515999999999999
mp-1223443,KBiS2,1.4158000000000004,4.756507856386815,Trigonal,0.86,-0.5558000000000004
mp-2472,SrO,3.276,4.987595387559458,Cubic,5.7,2.4240000000000004
mp-23251,KBr,4.3207,2.763056207688623,Cubic,7.6,3.279299999999999
mp-1196300,Nd2ZrS5,1.0525254392401386,5.19553065746421,Orthorhombic,1.83,0.7774745607598614
mp-23193,KCl,5.0448,1.995763841390827,Cubic,8.5,3.4551999999999996
mp-463,KF,5.949400000000001,2.57908054231024,Cubic,10.3,4.3506
mp-1170,SnS2,1.5565000000000002,4.169006443919932,Trigonal,2.43,0.8734999999999999
mp-1195253,KIn(TeO3)2,2.8719,4.908837222293126,Orthorhombic,4.0,1.1280999999999999
mp-505412,KInS2,2.6784999999999997,3.1786197196569526,Monoclinic,3.0,0.32150000000000034
mp-505700,KInSe2,1.4733,4.012864707560794,Monoclinic,2.68,1.2067
mp-1266,Na2Se,2.0153,2.686924166819691,Cubic,2.0,-0.01529999999999987
mp-34141,Sr(LaS2)2,2.2358000000000002,4.7945669449549175,Tetragonal,2.85,0.6141999999999999
mp-562137,KLiCO3,4.5495,2.1627973088661445,Monoclinic,6.32,1.7705000000000002
mp-770632,Li3CrO4,1.1236000000000002,2.74951486552935,Orthorhombic,0.0,-1.1236000000000002
mp-38240,Sr(PrS2)2,2.0955,4.947127519702359,Tetragonal,2.7,0.6045000000000003
mp-648,Na2S,2.4395,1.889080805023612,Cubic,2.4,-0.03949999999999987
mp-1202434,KNb3(SeO6)2,2.33,4.087312511937983,Orthorhombic,3.46,1.13
mp-1202170,KNb3(TeO6)2,2.4155999999999995,4.5792847195168305,Orthorhombic,3.52,1.1044000000000005
mp-23959,KP(HO2)2,5.4356,2.3856601774932957,Orthorhombic,6.95,1.5144000000000002
mp-569702,KPSe3,1.4182,3.2783749377949496,Trigonal,2.08,0.6618000000000002
mp-18625,KPSe6,1.8827999999999998,3.82581007658057,Orthorhombic,2.16,0.27720000000000034
mp-2831941,Na2CdSnS4,1.9501,3.030332520249474,Tetragonal,2.52,0.5699000000000001
mp-1195296,KSb(SO4)2,4.2351,3.201145444541069,Monoclinic,4.64,0.4048999999999996
mp-866651,KSiBiS4,2.0458999999999996,3.692352631190143,Monoclinic,2.25,0.2041000000000004
mp-11604,KSm2CuS4,1.013,4.56794015870076,Orthorhombic,2.17,1.157
mp-555186,Li2ZnSnS4,2.1985,3.0753058887073643,Monoclinic,2.87,0.6715
mp-1223442,KSnAuSe3,1.4172999999999998,5.287918995085473,Tetragonal,2.28,0.8627
mp-1045,Nd2O3,3.708,6.48710773732564,Cubic,4.4,0.6920000000000002
mp-1220990,NaH3(SeO3)2,4.3395,3.1010259536375213,Monoclinic,4.9,0.5605000000000002
mp-3614,KTaO3,2.0976,6.981426051671773,Cubic,3.5,1.4024
mp-1200554,KTa3(TeO6)2,2.9431000000000003,6.399932128357152,Orthorhombic,4.06,1.1168999999999993
mp-1195277,Na2Mo2Se2O11,2.7771999999999997,3.8885471090185963,Monoclinic,3.1,0.3228000000000004
mp-1188829,KTeP2,1.1856,3.2392138401116854,Monoclinic,1.4,0.21439999999999992
mp-1194980,KY(TeO3)2,3.125418554258555,4.312778372240049,Orthorhombic,3.8,0.674581445741445
mp-1192640,Na2Nb4Se4O19,2.3695,3.907693472939331,Triclinic,3.56,1.1905000000000001
mp-1190156,Ba2GdGaSe5,1.3594000000000002,5.426839565601202,Triclinic,1.87,0.5105999999999999
mp-18531,K2Cd3Te4,1.438,4.608235995891094,Orthorhombic,2.26,0.8219999999999998
mp-1195574,Ba2GaSe4,1.0722000000000003,4.895537412290806,Monoclinic,1.63,0.5577999999999996
mp-2034510,AgBr,1.2441999999999998,6.444861772273533,Orthorhombic,2.52,1.2758000000000003
mp-560086,Nd4(GeS4)3,1.9952999999999994,4.498184074623449,Trigonal,2.62,0.6247000000000007
mp-2918,YCuO2,2.6527999999999996,5.001199955009597,Hexagonal,3.5,0.8472000000000004
mp-558804,CsGeB3O7,4.5981,3.3576429717297964,Orthorhombic,5.76,1.1619000000000002
mp-1536202,AgCl,1.4229999999999996,5.586004680762882,Orthorhombic,5.13,3.7070000000000003
mp-23352,Ge(Bi3O5)4,2.3762,9.20431900783466,Cubic,3.25,0.8738000000000001
mp-1198577,In2B(PO4)3,3.8958032555870794,3.700071047042483,Hexagonal,5.39,1.4941967444129203
mp-554384,NaSb(PS3)2,2.0495,2.773745458041896,Monoclinic,2.17,0.12049999999999983
mp-6548,K2La2Ti3O10,2.0397999999999996,4.764175484136978,Tetragonal,3.05,1.0102000000000002
mp-560019,K2Ge3(BO5)2,3.8682999999999996,3.4713996377307987,Monoclinic,5.38,1.5117000000000003
mp-1197022,CrB2(PbO2)6,1.8898000000000001,6.85619226022226,Orthorhombic,1.8,-0.0898000000000001
mp-37108,Sr(NdS2)2,2.1031999999999997,5.098063559616768,Tetragonal,2.45,0.34680000000000044
mp-1223460,KSnAuS3,1.6528,4.4545465529305055,Tetragonal,2.3,0.6471999999999998
mp-1204192,Ba2V2Te2O11,3.2676098060007814,4.618947959251171,Monoclinic,3.16,-0.1076098060007813
mp-1020144,Na2Be4B4O11,4.983300000000001,2.421470750918509,Triclinic,7.3,2.316699999999999
mp-29746,Cd4P2Cl3,1.3836,4.470986326509905,Cubic,2.17,0.7864
mp-557728,KCu4AsS4,1.2806000000000002,4.172262444148024,Monoclinic,1.9,0.6193999999999997
mp-1105698,Ba2DyGaSe5,1.6672,5.486259281619779,Triclinic,2.35,0.6828000000000001
mp-1201213,Cs2Cd3(B4O7)4,4.5525,3.5023975207123765,Monoclinic,4.76,0.20749999999999957
mp-1106265,Ba2YGaSe5,1.6615000000000002,5.040133294466575,Triclinic,2.31,0.6484999999999999
mp-561599,Ba3Nb2CoO9,1.6878000000000002,6.207838453513086,Monoclinic,0.0,-1.6878000000000002
mp-557644,Ag2P2PbO7,2.3697,5.5858146196920755,Triclinic,0.0,-2.3697
mp-1199321,K5In3P6Se19,1.0646000000000002,3.711781273418834,Triclinic,2.2,1.1354
mp-1195102,RbAg5(PS4)2,1.1624999999999996,4.255776539287183,Orthorhombic,2.4,1.2375000000000003
mp-554408,CsAgSb4S7,1.6886999999999999,4.278937267845149,Monoclinic,2.04,0.35130000000000017
mp-556688,Ba2V2ZnO8,3.4336,4.54920098534429,Monoclinic,3.48,0.046399999999999775
mp-581449,Re(TeCl6)2,1.0373,3.0092002022290165,Trigonal,0.0,-1.0373
mp-4779,Li2B4O7,5.668,2.407235842198602,Tetragonal,7.3,1.6319999999999997
mp-1206068,InBi2S4Br,1.5673000000000004,6.01585080901507,Monoclinic,1.5,-0.06730000000000036
mp-1196712,Dy4GaSbS9,2.035475784952349,5.675275013642503,Orthorhombic,2.58,0.5445242150476512
mp-23514,BiSI,1.8694000000000002,6.276619778165235,Orthorhombic,1.56,-0.3094000000000001
mp-1202711,BaSn2S5,2.0357,4.245772349810435,Orthorhombic,2.35,0.31430000000000025
mp-1195769,NaIn3S5,1.2428,4.402145598875285,Orthorhombic,2.18,0.9372000000000003
mp-18995,Ba2FeMoO6,1.6728999999999998,6.34844882111285,Cubic,0.0,-1.6728999999999998
mp-554930,Nb2AgPS10,1.3724999999999996,3.155752270629062,Monoclinic,1.78,0.4075000000000004
mp-1195033,Ba3Nb2Se9,1.0431,5.232618070838846,Monoclinic,1.3,0.25690000000000013
mp-1215701,Zn2InCuTe4,1.1334000000000004,5.611507590669056,Tetragonal,1.05,-0.08340000000000036
mp-1302892,Li2V3CrO8,1.1101999999999999,3.831395704747852,Monoclinic,0.0,-1.1101999999999999
mp-1105790,Ba2ErGaSe5,1.6730999999999998,5.559083882896364,Triclinic,1.95,0.27690000000000015
mp-554445,Bi5IO7,2.7325000000000004,8.424573747309736,Orthorhombic,2.76,0.027499999999999414
mp-26039,Li3Mn2(PO4)3,1.3066000000000002,2.9896812497585854,Monoclinic,0.0,-1.3066000000000002
mp-1197611,Ba2InAgS4,1.7067999999999999,4.674343865347747,Monoclinic,2.32,0.6132
mp-775306,Li2Ti3FeO8,1.9457,3.6718673960589725,Trigonal,0.0,-1.9457
mp-1191903,Li2In2SiS6,2.4279999999999995,3.071233572199809,Monoclinic,3.61,1.1820000000000004
mp-1019605,Cs2Ba3(P2O7)2,4.7249,4.001065997112488,Orthorhombic,6.31,1.5850999999999997
mp-1188304,Ba2SmInSe5,1.0779999999999998,5.51258829915705,Orthorhombic,2.22,1.1420000000000003
mp-1199892,RbGeB3O7,5.4402,3.2383627045133596,Orthorhombic,5.58,0.13980000000000015
mp-1192562,NdMoO4F,4.0564,5.066537898559647,Monoclinic,3.66,-0.39639999999999986
mp-1228659,Ba3Cd(SnS4)2,2.0791000000000004,4.0409003689994405,Tetragonal,2.75,0.6708999999999996
mp-1198818,La3Mo4O16F,3.6136,4.665310479302314,Triclinic,3.7,0.08640000000000025
mp-573635,Ba2In2Se5,1.3944999999999999,5.108878854910923,Orthorhombic,2.12,0.7255000000000003
mp-1190528,Ba2ZnSe3,1.6214000000000002,5.247394482648545,Orthorhombic,2.75,1.1285999999999998
mp-1200744,Rb2Cd3(B4O7)4,4.5081,3.2717491643266925,Monoclinic,4.76,0.2519
mp-1195627,ZnB12(H5O12)2,5.7958,2.241427858915976,Monoclinic,4.6,-1.1958000000000002
mp-1020620,Rb5Li6(BO2)11,4.3579,2.760280597512793,Monoclinic,6.53,2.1721000000000004
mp-556498,Sr2Be2B2O7,4.0817,3.5930617929716857,Hexagonal,8.0,3.9183000000000003
mp-1078250,Cs2AgBiBr6,1.3547,4.652655559417421,Cubic,2.19,0.8352999999999999
mp-19267,BaMnO3,2.0603,5.719479111320032,Hexagonal,0.0,-2.0603
mp-696288,LiH3(SeO3)2,4.256399999999999,3.235539969830073,Monoclinic,4.9,0.6436000000000011
mp-30311,Zn3(PS4)2,2.4313999999999996,2.9722098224293934,Tetragonal,3.07,0.6386000000000003
mp-1106127,Ba2DyInSe5,1.1264000000000003,5.6365756678945225,Orthorhombic,2.27,1.1435999999999997
mp-1191817,Li2In2SiSe6,1.8159,4.2343075894711255,Monoclinic,2.54,0.7241
mp-966802,Cs2Li3(BO2)5,4.5354,2.9517331597594207,Orthorhombic,7.3,2.7645999999999997
mp-1205397,Ba2YInSe5,1.1767999999999996,5.183298722263831,Orthorhombic,2.31,1.1332000000000004
mp-23492,Si(Bi3O5)4,2.3594,9.189013039707056,Cubic,3.2,0.8406000000000002
mp-1190476,Na2Zn(GeSe3)2,1.3476000000000001,4.031300666613661,Tetragonal,2.36,1.0123999999999997
mp-1204879,Sr4V2(Se2O7)3,2.7193201080478544,4.018808935932261,Orthorhombic,2.66,-0.05932010804785426
mp-1190698,KBaSbSe3,1.7441,4.347490189079638,Monoclinic,2.04,0.29590000000000005
mp-1280554,Li2MnO2F,1.7682000000000002,3.5651772378867332,Monoclinic,0.0,-1.7682000000000002
mp-1198509,GePb2(SeO3)4,3.310024399210151,5.666135926225007,Monoclinic,4.1,0.7899756007898486
mp-1196881,Li2TeWO6,3.6400999999999994,5.478207702053452,Monoclinic,4.0,0.35990000000000055
mp-23494,Ti(Bi3O5)4,2.3193,9.052858916389967,Cubic,3.09,0.7706999999999997
mp-1225403,Dy(CuSe)3,1.2397675724874793,7.04677142459448,Trigonal,0.2,-1.0397675724874793
mp-28848,Ca2Bi2O5,2.4956999999999994,6.2024044398794835,Triclinic,3.34,0.8443000000000005
mp-1194878,NaIn(TeO3)2,2.9873000000000003,5.1351682382541926,Orthorhombic,4.0,1.0126999999999997
mp-1181313,Ga2(TeO3)3,4.397799999999999,4.081258151196746,Hexagonal,4.14,-0.2577999999999996
mp-1192667,KAg2SbS3,1.6886936750761654,4.32498872369154,Triclinic,2.1,0.4113063249238347
mp-1195344,Ba4Ga4SnSe12,1.3292000000000002,4.895372115743891,Tetragonal,2.16,0.8308
mp-1200917,SmBiW2O9,2.6653000000000002,7.582166372385468,Orthorhombic,3.39,0.7246999999999999
mp-6166,PrCuSO,1.6440000000000001,6.267240655270264,Tetragonal,3.03,1.3859999999999997
mp-1200490,Tb4Al2O9,4.2417,6.5418778314785575,Monoclinic,4.59,0.34830000000000005
mp-1200758,Ba3V2(SeO4)4,2.6992000000000003,4.281210998508036,Monoclinic,2.87,0.17079999999999984
mp-763169,V2(OF)3,1.4346999999999999,3.506352363947385,Triclinic,0.0,-1.4346999999999999
mp-1188122,Ba2ErInSe5,1.1854,5.731830217974645,Orthorhombic,2.29,1.1046
mp-1194859,AlV(TeO4)2,2.8360999999999996,4.6433674362256285,Monoclinic,2.9,0.06390000000000029
mp-642690,CsGeI3,1.1901,4.157331110828303,Monoclinic,1.6,0.40990000000000015
mp-20078,Pb2O3,1.0373999999999999,9.83755083616799,Monoclinic,1.67,0.6326
mp-1197632,Sr2V3Se5O18,2.5648999999999997,3.906460769137139,Orthorhombic,2.47,-0.09489999999999954
mp-1101518,Sn(PO3)3,2.4134092674336625,2.8068097213349334,Trigonal,0.0,-2.4134092674336625
mp-1203404,Ag2Mo(I2O7)2,1.9610999999999996,5.30799171250827,Monoclinic,3.06,1.0989000000000004
mp-1217841,Tb(CuSe)3,1.1517990694595142,6.96306604194054,Trigonal,0.16,-0.9917990694595141
mp-1189729,Ba2SmGaTe5,1.0131999999999999,5.61461185864714,Triclinic,1.04,0.026800000000000157
mp-542314,NdCuSO,1.6179999999999994,6.46339826282935,Tetragonal,2.98,1.3620000000000005
mp-7204,CaZnSO,2.6853,3.5809587781992707,Hexagonal,3.7,1.0147000000000004
mp-1274542,Ba2CoWO6,1.8426999999999998,7.287421369216136,Tetragonal,0.0,-1.8426999999999998
mp-6652,KZn4(BO3)3,2.8200000000000003,3.48952174411281,Monoclinic,2.32,-0.5000000000000004
mp-1191072,BaGa4Se7,1.4955999999999998,4.98972229349473,Monoclinic,2.64,1.1444000000000003
mp-1223584,KBi3S5,1.6150000000000002,4.528073271307017,Orthorhombic,1.21,-0.40500000000000025
mp-1203413,BaTeMo2O9,3.0122999999999998,5.054595978004949,Orthorhombic,3.12,0.10770000000000035
mp-554336,NbAg2(PS4)2,1.6183,3.597404575463111,Orthorhombic,2.02,0.40169999999999995
mp-1223709,K2Ag3Sb3S7,1.8381999999999996,4.090203390560547,Orthorhombic,2.2,0.36180000000000057
mp-34185,Ca(PrS2)2,2.0570000000000004,4.653161094434058,Tetragonal,2.9,0.8429999999999995
mp-1197728,Fe2B(PO4)3,2.0248,3.1485820943830376,Hexagonal,3.52,1.4952
mp-35876,Ca(NdS2)2,2.0612999999999997,4.804724809006212,Tetragonal,2.7,0.6387000000000005
mp-1205371,Ba3InS4Cl,2.8257,4.377799336526938,Tetragonal,3.42,0.5943
mp-557683,Zn3(BO3)2,2.7833,3.9812910431919355,Triclinic,2.6,-0.18330000000000002
mp-14591,LiSbS2,1.1843000000000004,3.6604925996745643,Trigonal,1.36,0.17569999999999975
mp-35421,Ca(LaS2)2,2.1455,4.497083953380494,Tetragonal,2.7,0.5545
mp-1192203,NaCdAsS3,1.9251999999999998,3.6211941603584443,Monoclinic,2.93,1.0048000000000004
mp-1191476,Li2In2GeS6,2.3229000000000006,3.2593944155350156,Monoclinic,3.45,1.1270999999999995
mp-1202829,Ba2GaBiTe5,1.0651999999999995,5.858344048537512,Orthorhombic,1.43,0.36480000000000046
mp-1190579,Cs2Cu2Sb2S5,1.1042999999999998,4.111806564040706,Triclinic,1.6,0.49570000000000025
mp-1227978,BaGa2SiSe6,2.389943748074382,4.67593964219949,Triclinic,2.88,0.49005625192561775
mp-36100,Ca(SmS2)2,2.0833999999999997,5.070605368340796,Tetragonal,2.05,-0.033399999999999874
mp-29044,Cd4Sb2I3,1.1312000000000002,5.557658492282311,Cubic,1.83,0.6987999999999999
mp-758560,FeOF,1.2206000000000001,4.499527135048755,Orthorhombic,0.0,-1.2206000000000001
mp-1216202,Y(CuSe)3,1.1817611991700412,6.035351576747708,Trigonal,0.88,-0.3017611991700412
mp-1222398,LiGa(GeSe3)2,1.5103999999999997,4.109947047737146,Monoclinic,2.64,1.1296000000000004
mp-1983109,ErBiW2O9,2.5433999999999997,8.00761611625893,Orthorhombic,3.26,0.7166000000000001
mp-32645,Sm2S3,1.8075999999999999,5.75583056257731,Tetragonal,2.96,1.1524
mp-1195954,Ho2HfS5,1.2421428803590153,6.9666777175598,Orthorhombic,1.0,-0.24214288035901532
mp-1195243,AgP15,1.2132491747290075,2.777913863352907,Triclinic,1.47,0.25675082527099247
mp-19395,MnO2,1.1467,4.28480128692754,Tetragonal,1.3,0.1533
mp-1120792,K3Bi2I9,2.9841,4.260627393369636,Monoclinic,2.1,-0.8841000000000001
mp-1191200,Li2In2GeSe6,1.5416,4.375023995020247,Monoclinic,2.3,0.7583999999999997
mp-998430,CsInI3,1.4545000000000001,3.490349927976139,Triclinic,0.0,-1.4545000000000001
mp-1195697,VGa(TeO4)2,2.8924,4.936207304042471,Monoclinic,3.0,0.10760000000000014
mp-1229044,Ba12In4S19,2.0588,4.316618705087494,Trigonal,2.56,0.5011999999999999
mp-1191234,BaAl4Se7,2.3933,4.12985515678715,Monoclinic,3.4,1.0067
mp-32692,Pr2S3,2.1476999999999995,5.154657868022431,Tetragonal,2.6,0.4523000000000006
mp-1224946,GaAgGeS4,1.662,3.7954692639748515,Triclinic,3.0,1.338
mp-8354,LaF3,5.742299999999999,5.954182359521533,Hexagonal,6.6,0.8577000000000004
mp-1216132,Y6Zn(SiS7)2,2.0181088706491312,3.805279839269617,Trigonal,2.38,0.36189112935086865
mp-32586,Nd2S3,1.7865000000000002,5.369768266525997,Tetragonal,2.65,0.8634999999999997
mp-760816,Li3VOF5,2.1558,2.8358466811494396,Triclinic,0.0,-2.1558
mp-36358,Ca(GdS2)2,1.4034,5.336217478125918,Tetragonal,2.55,1.1465999999999998
mp-1222376,LiZnBO3,4.3387,3.7201891207384947,Monoclinic,3.1,-1.2387000000000001
mp-1223975,K2Nd2Ti3O10,2.2681,4.8860719318234755,Orthorhombic,3.25,0.9819
mp-1216992,V2Bi4O11,2.6503999999999994,7.766966891461105,Triclinic,2.0,-0.6503999999999994
mp-1192358,PrMoO4F,4.0857,4.927751600896907,Monoclinic,3.64,-0.4457
mp-770688,Li4CrO5,1.3916,2.6502916832265364,Monoclinic,0.0,-1.3916
mp-1198619,VAg(IO4)2,1.3705000000000003,5.051186000528827,Orthorhombic,2.24,0.8694999999999999
mp-1204617,Ba5(GaSe4)2,1.8701,5.145584648750219,Orthorhombic,2.51,0.6398999999999997
mp-1105584,VZn2BiO6,2.7248,5.950271732957894,Triclinic,2.4,-0.3248000000000002
mp-849761,GaBi25O39,2.1910000000000007,8.950114733856804,Triclinic,2.99,0.7989999999999995
mp-1229254,B3Pb10Br3O13,2.4353999999999996,7.026553518608126,Monoclinic,3.25,0.8146000000000004
mp-1193499,AgPd(IO3)3,1.4055999999999997,5.27324696314872,Triclinic,1.5,0.09440000000000026
mp-684712,Gd2S3,1.1643000000000003,6.11286942199028,Tetragonal,2.55,1.3856999999999995
mp-1197353,Ba4LiGa5Se12,1.7316000000000003,4.838203402115379,Tetragonal,2.65,0.9183999999999997
mp-754206,LiBi3(ClO2)2,2.7135000000000002,6.788270854943298,Orthorhombic,3.35,0.6364999999999998
mp-1228123,Ba5(Ga2Se5)2,2.0136000000000003,5.14036166345379,Orthorhombic,2.2,0.1863999999999999
mp-1200210,BaV2SeO8,2.0881000000000003,4.139667190721119,Orthorhombic,2.13,0.041899999999999604
mp-1203622,Li2TeMoO6,3.1032,4.31956953644881,Monoclinic,3.5,0.3967999999999998
mp-32594,Sm2Se3,1.4541999999999997,6.904818223146371,Tetragonal,2.3,0.8458000000000001
mp-1662331,LiMnSiO4,1.0671,3.5110955375107347,Orthorhombic,0.0,-1.0671
mp-757766,FeBi25O39,2.2191,8.84907256183147,Triclinic,2.8,0.5808999999999997
mp-766637,Li5Fe6(BO3)6,1.6005000000000003,3.3070115966028255,Monoclinic,0.0,-1.6005000000000003
mp-555913,YMoO4F,3.7464,4.356706506019518,Monoclinic,3.78,0.03359999999999985
mp-568545,Cd4P2I3,1.379,5.40885446739379,Orthorhombic,2.17,0.7909999999999999
mp-773482,Li2V3FeO8,1.2138,3.8542264394273618,Tetragonal,0.0,-1.2138
mp-1287184,VO,1.3417000000000003,5.594731499608899,Monoclinic,0.3,-1.0417000000000003
mp-1190380,Ba2ZnTe3,1.2928376299050104,5.36187269104058,Orthorhombic,2.1,0.8071623700949897
mp-578882,SbPb2S2I3,1.7237999999999998,5.941181307900788,Monoclinic,2.0,0.2762000000000002
mp-757564,Li5Mn3(FeO5)2,1.0806,4.110183579772021,Triclinic,0.0,-1.0806
mp-552488,LaCuSeO,1.5380999999999991,6.758638037930155,Tetragonal,2.83,1.291900000000001
mp-28860,P2Se5,1.3347,3.720943190368607,Monoclinic,2.2,0.8653000000000002
mp-1209215,Sb3IO4,2.9287,5.337350983945448,Orthorhombic,2.61,-0.3187000000000002
mp-1078318,Mn(SbO3)2,1.2845000000000004,6.010135703381043,Trigonal,0.0,-1.2845000000000004
mp-31909,Ta2Mn3O8,2.3188000000000004,6.7131641569251865,Tetragonal,1.89,-0.4288000000000005
mp-1189091,K3B6ClO10,5.3729,2.30766827773188,Trigonal,6.89,1.5171000000000001
mp-6296,K6Cd4Sn3Se13,1.4058,3.1415918947035135,Trigonal,2.33,0.9242000000000001
mp-2583419,SrTaNO2,1.1168999999999998,7.801190758605239,Orthorhombic,1.99,0.8731000000000002
mp-1178576,AlCoO3,2.5824999999999996,5.052577300495447,Trigonal,0.0,-2.5824999999999996
mp-557633,Sn2WO5,2.0682000000000005,6.151812955759673,Monoclinic,2.6,0.5317999999999996
mp-556869,Sb5IO7,2.5753,5.225534527427696,Monoclinic,1.95,-0.6253
mp-32826,Dy2S3,1.9090999999999996,6.502474024932088,Tetragonal,2.91,1.0009000000000006
mp-5837,LaGaO3,3.3483,6.963712076866785,Orthorhombic,4.4,1.0517000000000003
mp-1194911,Ba3P3ClO10,5.140499999999999,3.9191519170977513,Orthorhombic,6.89,1.7495000000000003
mp-559251,K3Cr2(PS4)3,1.2898,2.061293918207599,Monoclinic,1.35,0.06020000000000003
mp-33932,NbHO3,2.6275999999999997,3.9962276691671117,Triclinic,0.0,-2.6275999999999997
mp-1100362,Ca3Sn2S7,2.0608000000000004,2.9552607027838946,Orthorhombic,0.0,-2.0608000000000004
mp-1178148,KLi(WO3)3,1.0924,6.1831560793526075,Triclinic,0.0,-1.0924
mp-554782,Li2Ga2GeS6,2.1339,2.839573935319315,Orthorhombic,3.65,1.5160999999999998
mp-1191976,Ti6H2O13,2.8867000000000003,3.1568100677389617,Monoclinic,3.4,0.5132999999999996
mp-1206466,SbPbBrO2,1.8655,7.0663643501183575,Orthorhombic,2.67,0.8045
mp-755749,Cr2O3,2.3438,5.343477129174289,Orthorhombic,3.4,1.0562
mp-556980,Sn3WO6,2.1614999999999998,5.935831762268953,Monoclinic,2.49,0.32850000000000046
mp-23084,BiPbClO2,2.0736999999999997,7.8367371034541105,Orthorhombic,2.45,0.3763000000000005
mp-22939,BiClO,2.5681000000000003,7.614664770939743,Tetragonal,3.46,0.8918999999999997
mp-675130,Tb6PbSe10,1.7114999999999996,7.564228952984086,Triclinic,0.0,-1.7114999999999996
mp-554270,TmMnO3,2.0075999999999996,7.907812381180708,Orthorhombic,0.0,-2.0075999999999996
mp-13334,ZnSnO3,1.0809999999999995,6.556764836010602,Trigonal,3.9,2.8190000000000004
mp-1200791,In4As5(BrO4)3,3.638,4.434226578029269,Triclinic,4.22,0.5819999999999999
mp-1201413,BPb7Br3O7,1.9254000000000002,7.402369037684252,Monoclinic,2.62,0.6945999999999999
mp-1273857,V2Si2O7,1.7986,3.6292141835188336,Triclinic,0.0,-1.7986
mp-28752,Ta7Cu3O19,1.1738999999999997,8.363505390686962,Hexagonal,2.47,1.2961000000000005
mp-2423265,KCoO2,1.3214,3.5440201136908884,Orthorhombic,0.0,-1.3214
mp-552806,BaBiClO2,3.1834999999999996,5.919370311456216,Orthorhombic,3.71,0.5265000000000004
mp-510421,CrO3,2.2756,2.885052573667755,Orthorhombic,1.4,-0.8755999999999999
mp-673633,In2S3,1.0946999999999996,4.043458851822419,Monoclinic,2.0,0.9053000000000004
mp-1216491,V3As2O9,1.270228473362943,4.345672844275841,Monoclinic,0.76,-0.510228473362943
mp-755247,Li4Mn(WO4)3,1.9286000000000003,5.929820922471366,Monoclinic,0.0,-1.9286000000000003
mp-1196490,La4Cd4In2S13,1.1568999999999994,5.163367025851488,Orthorhombic,2.27,1.1131000000000006
